key,x_mm,y_mm,
F3,66.68,38.1,s1
F10,242.89,38.1,s2
F2,47.62,23.81,s3
F4,85.73,23.81,s4
F9,223.84,23.81,s5
F11,261.94,23.81,s6
esc,9.53,9.53,s7
F1,28.58,9.53,s8
F5,104.78,9.53,s9
F8,204.79,9.53,s10
F12,280.99,9.53,s11
PrtSc,300.04,9.53,s12
F6,123.83,-4.76,s13
F7,185.74,-4.76,s14
·,66.68,-19.05,s15
=,242.89,-19.05,s16
"""",47.62,-33.34,s17
$,85.73,-33.34,s18
),223.84,-33.34,s19
?,261.94,-33.34,s20
`,9.53,-47.63,s21
!,28.58,-47.63,s22
%,104.78,-47.63,s23
(,204.79,-47.63,s24
¿,280.99,-47.63,s25
⌫,300.04,-47.63,s26
&,123.83,-61.91,s27
/,185.74,-61.91,s28
E,66.68,-76.2,s29
P,242.89,-76.2,s30
W,47.62,-90.49,s31
R,85.73,-90.49,s32
O,223.84,-90.49,s33
¨,261.94,-90.49,s34
Tab,9.53,-104.77,s35
Q,28.58,-104.77,s36
T,104.78,-104.77,s37
I,204.79,-104.77,s38
*,280.99,-104.77,s39
Enter,300.04,-104.77,s40
Y,123.83,-119.06,s41
U,185.74,-119.06,s42
D,66.68,-133.35,s43
Ñ,242.89,-133.35,s44
S,47.62,-147.64,s45
F,85.73,-147.64,s46
L,223.84,-147.64,s47
´,261.94,-147.64,s48
Caps,9.53,-161.92,s49
A,28.58,-161.92,s50
G,104.78,-161.92,s51
K,204.79,-161.92,s52
Ç,280.99,-161.92,s53
Menú,300.04,-161.92,s54
H,123.83,-176.21,s55
J,185.74,-176.21,s56
X,66.68,-190.5,s57
.,242.89,-190.5,s58
Z,47.62,-204.79,s59
C,85.73,-204.79,s60
",",223.84,-204.79,s61
,261.94,-204.79,s62
Shift,9.53,-219.07,s63
>,28.58,-219.07,s64
V,104.78,-219.07,s65
M,204.79,-219.07,s66
B,123.83,-233.36,s67
N,185.74,-233.36,s68
↑,304.8,-233.36,s69
Ctrl,66.68,-233.36,s70
Win,85.73,-233.36,s71
Alt,104.78,-233.36,s72
Espacio,123.83,-233.36,s73
Espacio,185.74,-233.36,s74
AltGr,204.79,-233.36,s75
Fn,223.84,-233.36,s76
Ctrl,242.89,-233.36,s77
←,285.75,-233.36,s78
↓,304.8,-233.36,s79
→,323.85,-233.36,s80
Shift,242.89,-119.06,s81
